instructions.thisRepN,instructions.thisTrialN,instructions.thisN,instructions.thisIndex,memory_scanning_task_trials.thisRepN,memory_scanning_task_trials.thisTrialN,memory_scanning_task_trials.thisN,memory_scanning_task_trials.thisIndex,memory_scanning_task_digit.thisRepN,memory_scanning_task_digit.thisTrialN,memory_scanning_task_digit.thisN,memory_scanning_task_digit.thisIndex,welcome_msg.started,welcome_next.started,welcome_resp.started,participant_code,instr_msg.started,previous.started,next.started,instr_resp.started,new_trial_prompt.started,new_trial_resp.started,to_be_remembered.started,prompt_task.started,positive_button.started,negative_button.started,positive.started,negative.started,prompt_recall.started,resp.started,my_digit,load,trial_type,probe,sequence,position,corr_resp,resp.keys,resp.corr,resp.rt,prompt_task_2.started,prompt_feedback.started,positive_button_2.started,negative_button_2.started,positive_2.started,negative_2.started,feedback_next.started,feedback_next_resp.started,ID,Nome Completo,date,expName,psychopyVersion,frameRate,
,,,,,,,,,,,,73.3862035999773,73.3862035999773,0.05623139999806881,640175851,,,,,,,,,,,,,,,,,,,,,,,,,,,,,,,,,640175851,Marcos,2025-12-30_12h13.01.936,memory-scanning-task,2022.2.1,None,
,,,,0,0,0,0,,,,,,,,640175851,141.2705056000268,141.2705056000268,141.2705056000268,0.015305799897760153,143.19925579999108,143.19925579999108,154.67046479997225,155.90441740001552,155.90441740001552,155.90441740001552,155.90441740001552,155.90441740001552,156.37894369999412,156.37894369999412,1,1,positive,1,[1],1,left,left,1,8.860017099999823,165.3418463000562,165.3418463000562,165.3418463000562,165.3418463000562,165.3418463000562,165.3418463000562,165.47144860005938,165.47144860005938,640175851,Marcos,2025-12-30_12h13.01.936,memory-scanning-task,2022.2.1,None,
,,,,1,0,1,0,,,,,,,,640175851,,,,,,,177.58572810003534,178.77488400007132,178.77488400007132,178.77488400007132,178.77488400007132,178.77488400007132,179.27506760007236,179.27506760007236,4,4,positive,5,"[5, 2, 0, 4]",1,left,left,1,0.6668103000847623,179.97004849999212,179.97004849999212,179.97004849999212,179.97004849999212,179.97004849999212,179.97004849999212,180.15811199997552,180.15811199997552,640175851,Marcos,2025-12-30_12h13.01.936,memory-scanning-task,2022.2.1,None,
,,,,2,0,2,0,,,,,,,,640175851,,,,,,,187.07107000006363,188.27054220007267,188.27054220007267,188.27054220007267,188.27054220007267,188.27054220007267,188.75303210003767,188.75303210003767,9,3,positive,9,"[3, 2, 9]",3,left,left,1,1.090498699923046,189.87161879998166,189.87161879998166,189.87161879998166,189.87161879998166,189.87161879998166,189.87161879998166,190.05733980005607,190.05733980005607,640175851,Marcos,2025-12-30_12h13.01.936,memory-scanning-task,2022.2.1,None,
,,,,3,0,3,0,,,,,,,,640175851,,,,,,,193.57025810005143,194.77126950002275,194.77126950002275,194.77126950002275,194.77126950002275,194.77126950002275,195.2433946999954,195.2433946999954,1,3,positive,1,"[0, 2, 1]",3,left,right,0,3.5802801999961957,198.85220610001124,198.85220610001124,198.85220610001124,198.85220610001124,198.85220610001124,198.85220610001124,199.0429072000552,199.0429072000552,640175851,Marcos,2025-12-30_12h13.01.936,memory-scanning-task,2022.2.1,None,
,,,,4,0,4,0,,,,,,,,640175851,,,,,,,207.1044808999868,208.30367599998135,208.30367599998135,208.30367599998135,208.30367599998135,208.30367599998135,208.80437660007738,208.80437660007738,8,5,positive,7,"[3, 5, 2, 7, 8]",4,left,left,1,1.6006650000344962,210.43734780000523,210.43734780000523,210.43734780000523,210.43734780000523,210.43734780000523,210.43734780000523,210.6256952000549,210.6256952000549,640175851,Marcos,2025-12-30_12h13.01.936,memory-scanning-task,2022.2.1,None,
,,,,5,0,5,0,,,,,,,,640175851,,,,,,,218.07094350003172,219.2710601000581,219.2710601000581,219.2710601000581,219.2710601000581,219.2710601000581,219.7706196999643,219.7706196999643,5,6,positive,1,"[4, 1, 7, 0, 8, 5]",2,left,left,1,0.6206638000439852,220.4193037999794,220.4193037999794,220.4193037999794,220.4193037999794,220.4193037999794,220.4193037999794,220.60925920004956,220.60925920004956,640175851,Marcos,2025-12-30_12h13.01.936,memory-scanning-task,2022.2.1,None,
,,,,6,0,6,0,,,,,,,,640175851,,,,,,,221.17028660001233,222.37165980006102,222.37165980006102,222.37165980006102,222.37165980006102,222.37165980006102,222.8530626000138,222.8530626000138,7,1,positive,7,[7],1,left,left,1,0.5514783000107855,223.43798140005674,223.43798140005674,223.43798140005674,223.43798140005674,223.43798140005674,223.43798140005674,223.63724720000755,223.63724720000755,640175851,Marcos,2025-12-30_12h13.01.936,memory-scanning-task,2022.2.1,None,
,,,,7,0,7,0,,,,,,,,640175851,,,,,,,226.33847850002348,227.54212410002947,227.54212410002947,227.54212410002947,227.54212410002947,227.54212410002947,228.00755670003127,228.00755670003127,4,3,positive,4,"[2, 5, 4]",3,left,left,1,0.5346304000122473,228.56999810005073,228.56999810005073,228.56999810005073,228.56999810005073,228.56999810005073,228.56999810005073,228.75774070003536,228.75774070003536,640175851,Marcos,2025-12-30_12h13.01.936,memory-scanning-task,2022.2.1,None,
,,,,8,0,8,0,,,,,,,,640175851,,,,,,,229.0568295000121,230.27030600002035,230.27030600002035,230.27030600002035,230.27030600002035,230.27030600002035,230.756702600047,230.756702600047,8,1,negative,0,[8],0,right,right,1,1.6358076999895275,232.41960310004652,232.41960310004652,232.41960310004652,232.41960310004652,232.41960310004652,232.41960310004652,232.61970090004615,232.61970090004615,640175851,Marcos,2025-12-30_12h13.01.936,memory-scanning-task,2022.2.1,None,
,,,,,,,,,,,,,,,,,,,,,,235.2747262000339,236.4766435000347,236.4766435000347,236.4766435000347,236.4766435000347,236.4766435000347,236.95338309998624,236.95338309998624,,,,,,,,,,,,,,,,,,,,,,,,,
