color_instructions.thisRepN,color_instructions.thisTrialN,color_instructions.thisN,color_instructions.thisIndex,color_training.thisRepN,color_training.thisTrialN,color_training.thisN,color_training.thisIndex,shape_instructions.thisRepN,shape_instructions.thisTrialN,shape_instructions.thisN,shape_instructions.thisIndex,shape_training.thisRepN,shape_training.thisTrialN,shape_training.thisN,shape_training.thisIndex,color_shape_instructions.thisRepN,color_shape_instructions.thisTrialN,color_shape_instructions.thisN,color_shape_instructions.thisIndex,css_blocks.thisRepN,css_blocks.thisTrialN,css_blocks.thisN,css_blocks.thisIndex,css_trials.thisRepN,css_trials.thisTrialN,css_trials.thisN,css_trials.thisIndex,welcome_msg.started,welcome_next.started,welcome_resp.started,participant_code,instr_msg.started,previous.started,next.started,instr_resp.started,fixation_2.started,resp_2.started,circle_2.started,triangle_2.started,left_msg_2.started,right_msg_2.started,left_button_2.started,right_button_2.started,fixation_2.stopped,condition,phase,block,cue,shape,color,trial_type,resp_corr,opa_circle,opa_triangle,resp_2.keys,resp_2.corr,resp_2.rt,new_trial_prompt.started,new_trial_next.started,new_trial_resp.started,fixation.started,cue_msg.started,fixation.stopped,resp.started,circle.started,triangle.started,left_msg.started,right_msg.started,left_button.started,right_button.started,resp.keys,resp.corr,resp.rt,ID,Nome Completo,date,expName,psychopyVersion,frameRate,
,,,,,,,,,,,,,,,,,,,,,,,,,,,,49.48557769996114,49.48557769996114,0.041598299983888865,619307384,,,,,,,,,,,,,,,,,,,,,,,,,,,,,,,,,,,,,,,,,,,619307384,Kily,2025-09-20_21h33.09.789,css-task,2022.2.1,59.79341375558139,
,,,,0,0,0,0,,,,,,,,,,,,,,,,,,,,,,,,619307384,105.41550169995753,105.41550169995753,105.41550169995753,0.013310100010130554,105.89245519996621,106.2510198999662,106.2510198999662,106.2510198999662,106.2510198999662,106.2510198999662,106.2510198999662,106.2510198999662,106.2653395999805,homogeneous,color,None,None,triangle,blue,None,left,0,1,left,1,2.5314091999898665,,,,,,,,,,,,,,,,,619307384,Kily,2025-09-20_21h33.09.789,css-task,2022.2.1,59.79341375558139,
,,,,1,0,1,0,,,,,,,,,,,,,,,,,,,,,,,,619307384,,,,,108.79894670000067,109.13252639997518,109.13252639997518,109.13252639997518,109.13252639997518,109.13252639997518,109.13252639997518,109.13252639997518,109.14848439994967,homogeneous,color,None,None,circle,blue,None,left,1,0,left,1,1.2199818000080995,,,,,,,,,,,,,,,,,619307384,Kily,2025-09-20_21h33.09.789,css-task,2022.2.1,59.79341375558139,
,,,,2,0,2,0,,,,,,,,,,,,,,,,,,,,,,,,619307384,,,,,110.36509199999273,110.71513369999593,110.71513369999593,110.71513369999593,110.71513369999593,110.71513369999593,110.71513369999593,110.71513369999593,110.71513369999593,homogeneous,color,None,None,triangle,blue,None,left,0,1,left,1,0.8010810000123456,,,,,,,,,,,,,,,,,619307384,Kily,2025-09-20_21h33.09.789,css-task,2022.2.1,59.79341375558139,
,,,,3,0,3,0,,,,,,,,,,,,,,,,,,,,,,,,619307384,,,,,111.53240689996164,111.8840499999933,111.8840499999933,111.8840499999933,111.8840499999933,111.8840499999933,111.8840499999933,111.8840499999933,111.8840499999933,homogeneous,color,None,None,circle,blue,None,left,1,0,left,1,1.4356828999589197,,,,,,,,,,,,,,,,,619307384,Kily,2025-09-20_21h33.09.789,css-task,2022.2.1,59.79341375558139,
,,,,4,0,4,0,,,,,,,,,,,,,,,,,,,,,,,,619307384,,,,,113.32959719997598,113.68587889999617,113.68587889999617,113.68587889999617,113.68587889999617,113.68587889999617,113.68587889999617,113.68587889999617,113.68587889999617,homogeneous,color,None,None,circle,green,None,right,1,0,right,1,2.6653115999652073,,,,,,,,,,,,,,,,,619307384,Kily,2025-09-20_21h33.09.789,css-task,2022.2.1,59.79341375558139,
,,,,5,0,5,0,,,,,,,,,,,,,,,,,,,,,,,,619307384,,,,,116.36509369994747,116.71506189997308,116.71506189997308,116.71506189997308,116.71506189997308,116.71506189997308,116.71506189997308,116.71506189997308,116.71506189997308,homogeneous,color,None,None,triangle,green,None,right,0,1,right,1,0.7714454000233673,,,,,,,,,,,,,,,,,619307384,Kily,2025-09-20_21h33.09.789,css-task,2022.2.1,59.79341375558139,
,,,,6,0,6,0,,,,,,,,,,,,,,,,,,,,,,,,619307384,,,,,117.49994569999399,117.84822889999487,117.84822889999487,117.84822889999487,117.84822889999487,117.84822889999487,117.84822889999487,117.84822889999487,117.84822889999487,homogeneous,color,None,None,triangle,green,None,right,0,1,right,1,2.1512917999643832,,,,,,,,,,,,,,,,,619307384,Kily,2025-09-20_21h33.09.789,css-task,2022.2.1,59.79341375558139,
,,,,7,0,7,0,,,,,,,,,,,,,,,,,,,,,,,,619307384,,,,,120.01483269996243,120.3661957999575,120.3661957999575,120.3661957999575,120.3661957999575,120.3661957999575,120.3661957999575,120.3661957999575,120.38527929998236,homogeneous,color,None,None,triangle,green,None,right,0,1,right,1,0.4494308000430465,,,,,,,,,,,,,,,,,619307384,Kily,2025-09-20_21h33.09.789,css-task,2022.2.1,59.79341375558139,
,,,,8,0,8,0,,,,,,,,,,,,,,,,,,,,,,,,619307384,,,,,120.83247319998918,121.16500539996196,121.16500539996196,121.16500539996196,121.16500539996196,121.16500539996196,121.16500539996196,121.16500539996196,121.18015379999997,homogeneous,color,None,None,circle,blue,None,left,1,0,left,1,1.3672890000161715,,,,,,,,,,,,,,,,,619307384,Kily,2025-09-20_21h33.09.789,css-task,2022.2.1,59.79341375558139,
,,,,9,0,9,0,,,,,,,,,,,,,,,,,,,,,,,,619307384,,,,,122.54977149999468,122.89881519996561,122.89881519996561,122.89881519996561,122.89881519996561,122.89881519996561,122.89881519996561,122.89881519996561,122.89881519996561,homogeneous,color,None,None,triangle,green,None,right,0,1,right,1,0.9852188000222668,,,,,,,,,,,,,,,,,619307384,Kily,2025-09-20_21h33.09.789,css-task,2022.2.1,59.79341375558139,
,,,,10,0,10,0,,,,,,,,,,,,,,,,,,,,,,,,619307384,,,,,123.89831659995252,124.24760819994844,124.24760819994844,124.24760819994844,124.24760819994844,124.24760819994844,124.24760819994844,124.24760819994844,124.24760819994844,homogeneous,color,None,None,circle,blue,None,left,1,0,left,1,0.6003320000017993,,,,,,,,,,,,,,,,,619307384,Kily,2025-09-20_21h33.09.789,css-task,2022.2.1,59.79341375558139,
,,,,11,0,11,0,,,,,,,,,,,,,,,,,,,,,,,,619307384,,,,,124.86515639995923,125.21599959995365,125.21599959995365,125.21599959995365,125.21599959995365,125.21599959995365,125.21599959995365,125.21599959995365,125.21599959995365,homogeneous,color,None,None,circle,blue,None,left,1,0,left,1,0.7358814000035636,,,,,,,,,,,,,,,,,619307384,Kily,2025-09-20_21h33.09.789,css-task,2022.2.1,59.79341375558139,
,,,,12,0,12,0,,,,,,,,,,,,,,,,,,,,,,,,619307384,,,,,125.9646633999655,126.3138393999543,126.3138393999543,126.3138393999543,126.3138393999543,126.3138393999543,126.3138393999543,126.3138393999543,126.3138393999543,homogeneous,color,None,None,triangle,green,None,right,0,1,right,1,1.200557200005278,,,,,,,,,,,,,,,,,619307384,Kily,2025-09-20_21h33.09.789,css-task,2022.2.1,59.79341375558139,
,,,,13,0,13,0,,,,,,,,,,,,,,,,,,,,,,,,619307384,,,,,127.53209749999223,127.88258279999718,127.88258279999718,127.88258279999718,127.88258279999718,127.88258279999718,127.88258279999718,127.88258279999718,127.88258279999718,homogeneous,color,None,None,circle,blue,None,left,1,0,left,1,0.801873299991712,,,,,,,,,,,,,,,,,619307384,Kily,2025-09-20_21h33.09.789,css-task,2022.2.1,59.79341375558139,
,,,,14,0,14,0,,,,,,,,,,,,,,,,,,,,,,,,619307384,,,,,128.69786099996418,129.04622809996363,129.04622809996363,129.04622809996363,129.04622809996363,129.04622809996363,129.04622809996363,129.04622809996363,129.04622809996363,homogeneous,color,None,None,circle,green,None,right,1,0,right,1,0.6857673999620602,,,,,,,,,,,,,,,,,619307384,Kily,2025-09-20_21h33.09.789,css-task,2022.2.1,59.79341375558139,
,,,,15,0,15,0,,,,,,,,,,,,,,,,,,,,,,,,619307384,,,,,129.74963229999412,130.08419719996164,130.08419719996164,130.08419719996164,130.08419719996164,130.08419719996164,130.08419719996164,130.08419719996164,130.09777309995843,homogeneous,color,None,None,circle,green,None,right,1,0,right,1,0.8292879000073299,,,,,,,,,,,,,,,,,619307384,Kily,2025-09-20_21h33.09.789,css-task,2022.2.1,59.79341375558139,
,,,,16,0,16,0,,,,,,,,,,,,,,,,,,,,,,,,619307384,,,,,130.93138409999665,131.2831068999949,131.2831068999949,131.2831068999949,131.2831068999949,131.2831068999949,131.2831068999949,131.2831068999949,131.2831068999949,homogeneous,color,None,None,circle,blue,None,left,1,0,left,1,0.782342399994377,,,,,,,,,,,,,,,,,619307384,Kily,2025-09-20_21h33.09.789,css-task,2022.2.1,59.79341375558139,
,,,,17,0,17,0,,,,,,,,,,,,,,,,,,,,,,,,619307384,,,,,132.08264919999056,132.43132399994647,132.43132399994647,132.43132399994647,132.43132399994647,132.43132399994647,132.43132399994647,132.43132399994647,132.43132399994647,homogeneous,color,None,None,circle,blue,None,left,1,0,left,1,0.48377130000153556,,,,,,,,,,,,,,,,,619307384,Kily,2025-09-20_21h33.09.789,css-task,2022.2.1,59.79341375558139,
,,,,18,0,18,0,,,,,,,,,,,,,,,,,,,,,,,,619307384,,,,,132.93095509998966,133.28270629997132,133.28270629997132,133.28270629997132,133.28270629997132,133.28270629997132,133.28270629997132,133.28270629997132,133.28270629997132,homogeneous,color,None,None,circle,green,None,right,1,0,right,1,0.8824192000320181,,,,,,,,,,,,,,,,,619307384,Kily,2025-09-20_21h33.09.789,css-task,2022.2.1,59.79341375558139,
,,,,19,0,19,0,,,,,,,,,,,,,,,,,,,,,,,,619307384,,,,,134.17946839996148,134.53076569997938,134.53076569997938,134.53076569997938,134.53076569997938,134.53076569997938,134.53076569997938,134.53076569997938,134.53076569997938,homogeneous,color,None,None,triangle,blue,None,left,0,1,left,1,0.6681873999768868,,,,,,,,,,,,,,,,,619307384,Kily,2025-09-20_21h33.09.789,css-task,2022.2.1,59.79341375558139,
,,,,,,,,,,,,0,0,0,0,,,,,,,,,,,,,,,,619307384,166.7955789999687,166.7955789999687,166.7955789999687,0.009266200009733438,167.37629009998636,167.69693609996466,167.69693609996466,167.69693609996466,167.69693609996466,167.69693609996466,167.69693609996466,167.69693609996466,167.73017569998046,homogeneous,shape,None,None,circle,green,None,left,1,0,left,1,3.7665673999581486,,,,,,,,,,,,,,,,,619307384,Kily,2025-09-20_21h33.09.789,css-task,2022.2.1,59.79341375558139,
,,,,,,,,,,,,1,0,1,0,,,,,,,,,,,,,,,,619307384,,,,,171.47660279995762,171.8298450000002,171.8298450000002,171.8298450000002,171.8298450000002,171.8298450000002,171.8298450000002,171.8298450000002,171.8298450000002,homogeneous,shape,None,None,triangle,green,None,right,0,1,right,1,2.399638699949719,,,,,,,,,,,,,,,,,619307384,Kily,2025-09-20_21h33.09.789,css-task,2022.2.1,59.79341375558139,
,,,,,,,,,,,,2,0,2,0,,,,,,,,,,,,,,,,619307384,,,,,174.245190799993,174.57898029999342,174.57898029999342,174.57898029999342,174.57898029999342,174.57898029999342,174.57898029999342,174.57898029999342,174.5966272999649,homogeneous,shape,None,None,circle,green,None,left,1,0,left,1,0.8844961000140756,,,,,,,,,,,,,,,,,619307384,Kily,2025-09-20_21h33.09.789,css-task,2022.2.1,59.79341375558139,
,,,,,,,,,,,,3,0,3,0,,,,,,,,,,,,,,,,619307384,,,,,175.47890459996415,175.82912299997406,175.82912299997406,175.82912299997406,175.82912299997406,175.82912299997406,175.82912299997406,175.82912299997406,175.82912299997406,homogeneous,shape,None,None,circle,green,None,left,1,0,left,1,0.5005914000212215,,,,,,,,,,,,,,,,,619307384,Kily,2025-09-20_21h33.09.789,css-task,2022.2.1,59.79341375558139,
,,,,,,,,,,,,4,0,4,0,,,,,,,,,,,,,,,,619307384,,,,,176.34513189998688,176.6954614999704,176.6954614999704,176.6954614999704,176.6954614999704,176.6954614999704,176.6954614999704,176.6954614999704,176.71178109996254,homogeneous,shape,None,None,triangle,green,None,right,0,1,right,1,0.7011089000152424,,,,,,,,,,,,,,,,,619307384,Kily,2025-09-20_21h33.09.789,css-task,2022.2.1,59.79341375558139,
,,,,,,,,,,,,5,0,5,0,,,,,,,,,,,,,,,,619307384,,,,,177.40957349998644,177.7624335999717,177.7624335999717,177.7624335999717,177.7624335999717,177.7624335999717,177.7624335999717,177.7624335999717,177.7624335999717,homogeneous,shape,None,None,circle,blue,None,left,1,0,left,1,0.5005425999988802,,,,,,,,,,,,,,,,,619307384,Kily,2025-09-20_21h33.09.789,css-task,2022.2.1,59.79341375558139,
,,,,,,,,,,,,6,0,6,0,,,,,,,,,,,,,,,,619307384,,,,,178.2786091999733,178.629155099974,178.629155099974,178.629155099974,178.629155099974,178.629155099974,178.629155099974,178.629155099974,178.629155099974,homogeneous,shape,None,None,triangle,green,None,right,0,1,right,1,0.5516805000370368,,,,,,,,,,,,,,,,,619307384,Kily,2025-09-20_21h33.09.789,css-task,2022.2.1,59.79341375558139,
,,,,,,,,,,,,7,0,7,0,,,,,,,,,,,,,,,,619307384,,,,,179.19598849996692,179.54290780000156,179.54290780000156,179.54290780000156,179.54290780000156,179.54290780000156,179.54290780000156,179.54290780000156,179.54290780000156,homogeneous,shape,None,None,triangle,green,None,right,0,1,right,1,0.4393143000197597,,,,,,,,,,,,,,,,,619307384,Kily,2025-09-20_21h33.09.789,css-task,2022.2.1,59.79341375558139,
,,,,,,,,,,,,8,0,8,0,,,,,,,,,,,,,,,,619307384,,,,,179.99653659999603,180.34562769997865,180.34562769997865,180.34562769997865,180.34562769997865,180.34562769997865,180.34562769997865,180.34562769997865,180.34562769997865,homogeneous,shape,None,None,triangle,blue,None,right,0,1,right,1,0.41935490001924336,,,,,,,,,,,,,,,,,619307384,Kily,2025-09-20_21h33.09.789,css-task,2022.2.1,59.79341375558139,
,,,,,,,,,,,,9,0,9,0,,,,,,,,,,,,,,,,619307384,,,,,180.77652819996,181.12913409998873,181.12913409998873,181.12913409998873,181.12913409998873,181.12913409998873,181.12913409998873,181.12913409998873,181.12913409998873,homogeneous,shape,None,None,circle,green,None,left,1,0,left,1,0.41753009997773916,,,,,,,,,,,,,,,,,619307384,Kily,2025-09-20_21h33.09.789,css-task,2022.2.1,59.79341375558139,
,,,,,,,,,,,,10,0,10,0,,,,,,,,,,,,,,,,619307384,,,,,181.56270679994486,181.90918279998004,181.90918279998004,181.90918279998004,181.90918279998004,181.90918279998004,181.90918279998004,181.90918279998004,181.92921319999732,homogeneous,shape,None,None,circle,blue,None,left,1,0,left,1,0.4343898000079207,,,,,,,,,,,,,,,,,619307384,Kily,2025-09-20_21h33.09.789,css-task,2022.2.1,59.79341375558139,
,,,,,,,,,,,,11,0,11,0,,,,,,,,,,,,,,,,619307384,,,,,182.36274649994448,182.6961781999562,182.6961781999562,182.6961781999562,182.6961781999562,182.6961781999562,182.6961781999562,182.6961781999562,182.71235950000118,homogeneous,shape,None,None,triangle,green,None,right,0,1,right,1,0.5332138999947347,,,,,,,,,,,,,,,,,619307384,Kily,2025-09-20_21h33.09.789,css-task,2022.2.1,59.79341375558139,
,,,,,,,,,,,,12,0,12,0,,,,,,,,,,,,,,,,619307384,,,,,183.24589309998555,183.59545649995562,183.59545649995562,183.59545649995562,183.59545649995562,183.59545649995562,183.59545649995562,183.59545649995562,183.6114698999445,homogeneous,shape,None,None,triangle,green,None,right,0,1,right,1,0.4012331999838352,,,,,,,,,,,,,,,,,619307384,Kily,2025-09-20_21h33.09.789,css-task,2022.2.1,59.79341375558139,
,,,,,,,,,,,,13,0,13,0,,,,,,,,,,,,,,,,619307384,,,,,184.0130094999913,184.34270749997813,184.34270749997813,184.34270749997813,184.34270749997813,184.34270749997813,184.34270749997813,184.34270749997813,184.37887759995647,homogeneous,shape,None,None,circle,blue,None,left,1,0,left,1,0.38737579999724403,,,,,,,,,,,,,,,,,619307384,Kily,2025-09-20_21h33.09.789,css-task,2022.2.1,59.79341375558139,
,,,,,,,,,,,,14,0,14,0,,,,,,,,,,,,,,,,619307384,,,,,184.74510819994612,185.0964647999499,185.0964647999499,185.0964647999499,185.0964647999499,185.0964647999499,185.0964647999499,185.0964647999499,185.0964647999499,homogeneous,shape,None,None,triangle,blue,None,right,0,1,right,1,0.483883099979721,,,,,,,,,,,,,,,,,619307384,Kily,2025-09-20_21h33.09.789,css-task,2022.2.1,59.79341375558139,
,,,,,,,,,,,,15,0,15,0,,,,,,,,,,,,,,,,619307384,,,,,185.59592339996016,185.94533719995525,185.94533719995525,185.94533719995525,185.94533719995525,185.94533719995525,185.94533719995525,185.94533719995525,185.94533719995525,homogeneous,shape,None,None,triangle,green,None,right,0,1,right,1,0.3842803000006825,,,,,,,,,,,,,,,,,619307384,Kily,2025-09-20_21h33.09.789,css-task,2022.2.1,59.79341375558139,
,,,,,,,,,,,,16,0,16,0,,,,,,,,,,,,,,,,619307384,,,,,186.34471259999555,186.69629499997245,186.69629499997245,186.69629499997245,186.69629499997245,186.69629499997245,186.69629499997245,186.69629499997245,186.69629499997245,homogeneous,shape,None,None,circle,green,None,left,1,0,left,1,0.7826799000031315,,,,,,,,,,,,,,,,,619307384,Kily,2025-09-20_21h33.09.789,css-task,2022.2.1,59.79341375558139,
,,,,,,,,,,,,17,0,17,0,,,,,,,,,,,,,,,,619307384,,,,,187.4962057999801,187.84473979996983,187.84473979996983,187.84473979996983,187.84473979996983,187.84473979996983,187.84473979996983,187.84473979996983,187.8614561999566,homogeneous,shape,None,None,circle,green,None,left,1,0,left,1,0.7010328000178561,,,,,,,,,,,,,,,,,619307384,Kily,2025-09-20_21h33.09.789,css-task,2022.2.1,59.79341375558139,
,,,,,,,,,,,,18,0,18,0,,,,,,,,,,,,,,,,619307384,,,,,188.56147329998203,188.91126069996972,188.91126069996972,188.91126069996972,188.91126069996972,188.91126069996972,188.91126069996972,188.91126069996972,188.91126069996972,homogeneous,shape,None,None,circle,green,None,left,1,0,left,1,0.3347259999718517,,,,,,,,,,,,,,,,,619307384,Kily,2025-09-20_21h33.09.789,css-task,2022.2.1,59.79341375558139,
,,,,,,,,,,,,19,0,19,0,,,,,,,,,,,,,,,,619307384,,,,,189.26153799996246,189.61098539998056,189.61098539998056,189.61098539998056,189.61098539998056,189.61098539998056,189.61098539998056,189.61098539998056,189.61098539998056,homogeneous,shape,None,None,triangle,blue,None,right,0,1,right,1,0.43407169997226447,,,,,,,,,,,,,,,,,619307384,Kily,2025-09-20_21h33.09.789,css-task,2022.2.1,59.79341375558139,
,,,,,,,,,,,,,,,,,,,,0,0,0,0,0,0,0,0,,,,619307384,265.49086269998224,265.49086269998224,265.49086269998224,0.010853099985979497,,,,,,,,,,heterogeneous,color-shape,1,color,triangle,green,no-switch,right,0,1,,,,266.67381219996605,266.67381219996605,0.008696599979884923,279.6903748999466,280.0244534999947,280.0398525999626,280.27380029996857,280.27380029996857,280.27380029996857,280.27380029996857,280.27380029996857,280.27380029996857,280.27380029996857,right,1,10.51695610000752,619307384,Kily,2025-09-20_21h33.09.789,css-task,2022.2.1,59.79341375558139,
,,,,,,,,,,,,,,,,,,,,0,0,0,0,1,0,1,0,,,,619307384,,,,,,,,,,,,,,heterogeneous,color-shape,1,shape,circle,green,switch,left,1,0,,,,,,,290.8069204999483,291.1573378999601,291.1573378999601,291.40833879995625,291.40833879995625,291.40833879995625,291.40833879995625,291.40833879995625,291.40833879995625,291.40833879995625,left,1,19.33079670002917,619307384,Kily,2025-09-20_21h33.09.789,css-task,2022.2.1,59.79341375558139,
,,,,,,,,,,,,,,,,,,,,0,0,0,0,2,0,2,0,,,,619307384,,,,,,,,,,,,,,heterogeneous,color-shape,1,shape,triangle,blue,no-switch,right,0,1,,,,,,,310.75661699997727,311.10506399994483,311.10506399994483,311.33876369998325,311.33876369998325,311.33876369998325,311.33876369998325,311.33876369998325,311.33876369998325,311.33876369998325,right,1,2.166965300042648,619307384,Kily,2025-09-20_21h33.09.789,css-task,2022.2.1,59.79341375558139,
,,,,,,,,,,,,,,,,,,,,0,0,0,0,3,0,3,0,,,,619307384,,,,,,,,,,,,,,heterogeneous,color-shape,1,color,circle,blue,switch,left,1,0,,,,,,,313.52378399996087,313.8716729999869,313.8716729999869,314.10520319995703,314.10520319995703,314.10520319995703,314.10520319995703,314.10520319995703,314.10520319995703,314.10520319995703,left,1,3.233959099976346,619307384,Kily,2025-09-20_21h33.09.789,css-task,2022.2.1,59.79341375558139,
,,,,,,,,,,,,,,,,,,,,0,0,0,0,4,0,4,0,,,,619307384,,,,,,,,,,,,,,heterogeneous,color-shape,1,color,circle,green,no-switch,right,1,0,,,,,,,317.35638709994964,317.7048193999799,317.7048193999799,317.93824629997835,317.93824629997835,317.93824629997835,317.93824629997835,317.93824629997835,317.93824629997835,317.93824629997835,right,1,2.152497200004291,619307384,Kily,2025-09-20_21h33.09.789,css-task,2022.2.1,59.79341375558139,
,,,,,,,,,,,,,,,,,,,,0,0,0,0,5,0,5,0,,,,619307384,,,,,,,,,,,,,,heterogeneous,color-shape,1,color,triangle,blue,no-switch,left,0,1,,,,,,,320.10499979997985,320.45584849995794,320.45584849995794,320.7045636999537,320.7045636999537,320.7045636999537,320.7045636999537,320.7045636999537,320.7045636999537,320.7045636999537,left,1,1.6336408999632113,619307384,Kily,2025-09-20_21h33.09.789,css-task,2022.2.1,59.79341375558139,
,,,,,,,,,,,,,,,,,,,,0,0,0,0,6,0,6,0,,,,619307384,,,,,,,,,,,,,,heterogeneous,color-shape,1,shape,circle,green,switch,left,1,0,,,,,,,322.35670009994647,322.6897197999642,322.70456569996895,322.93810679996386,322.93810679996386,322.93810679996386,322.93810679996386,322.93810679996386,322.93810679996386,322.93810679996386,left,1,8.719431300007273,619307384,Kily,2025-09-20_21h33.09.789,css-task,2022.2.1,59.79341375558139,
,,,,,,,,,,,,,,,,,,,,0,0,0,0,7,0,7,0,,,,619307384,,,,,,,,,,,,,,heterogeneous,color-shape,1,shape,triangle,green,no-switch,right,0,1,,,,,,,331.6706601999467,332.0219329999527,332.0219329999527,332.27107719995547,332.27107719995547,332.27107719995547,332.27107719995547,332.27107719995547,332.27107719995547,332.27107719995547,right,1,2.584246799990069,619307384,Kily,2025-09-20_21h33.09.789,css-task,2022.2.1,59.79341375558139,
,,,,,,,,,,,,,,,,,,,,0,0,0,0,8,0,8,0,,,,619307384,,,,,,,,,,,,,,heterogeneous,color-shape,1,color,triangle,green,switch,right,0,1,,,,,,,334.870497099997,335.2040504999459,335.22170629998436,335.47097769996617,335.47097769996617,335.47097769996617,335.47097769996617,335.47097769996617,335.47097769996617,335.47097769996617,right,1,1.7527692000148818,619307384,Kily,2025-09-20_21h33.09.789,css-task,2022.2.1,59.79341375558139,
,,,,,,,,,,,,,,,,,,,,0,0,0,0,9,0,9,0,,,,619307384,,,,,,,,,,,,,,heterogeneous,color-shape,1,color,triangle,green,no-switch,right,0,1,,,,,,,337.2380759999505,337.5898364999448,337.5898364999448,337.83805529994424,337.83805529994424,337.83805529994424,337.83805529994424,337.83805529994424,337.83805529994424,337.83805529994424,right,1,2.1178510999889113,619307384,Kily,2025-09-20_21h33.09.789,css-task,2022.2.1,59.79341375558139,
,,,,,,,,,,,,,,,,,,,,0,0,0,0,10,0,10,0,,,,619307384,,,,,,,,,,,,,,heterogeneous,color-shape,1,shape,circle,green,switch,left,1,0,,,,,,,339.9707470999565,340.30409689998487,340.3227796999854,340.5709652999649,340.5709652999649,340.5709652999649,340.5709652999649,340.5709652999649,340.5709652999649,340.5709652999649,left,1,1.7343146000057459,619307384,Kily,2025-09-20_21h33.09.789,css-task,2022.2.1,59.79341375558139,
,,,,,,,,,,,,,,,,,,,,0,0,0,0,11,0,11,0,,,,619307384,,,,,,,,,,,,,,heterogeneous,color-shape,1,shape,triangle,blue,no-switch,right,0,1,,,,,,,342.32147349999286,342.6704991000006,342.6704991000006,342.9042445999803,342.9042445999803,342.9042445999803,342.9042445999803,342.9042445999803,342.9042445999803,342.9042445999803,right,1,1.7510882000206038,619307384,Kily,2025-09-20_21h33.09.789,css-task,2022.2.1,59.79341375558139,
,,,,,,,,,,,,,,,,,,,,0,0,0,0,12,0,12,0,,,,619307384,,,,,,,,,,,,,,heterogeneous,color-shape,1,shape,circle,blue,no-switch,left,1,0,,,,,,,344.6722891999525,345.0220415999647,345.0373894999502,345.2706799999578,345.2706799999578,345.2706799999578,345.2706799999578,345.2706799999578,345.2706799999578,345.2706799999578,left,1,1.4006117000244558,619307384,Kily,2025-09-20_21h33.09.789,css-task,2022.2.1,59.79341375558139,
,,,,,,,,,,,,,,,,,,,,0,0,0,0,13,0,13,0,,,,619307384,,,,,,,,,,,,,,heterogeneous,color-shape,1,color,triangle,blue,switch,left,0,1,,,,,,,346.6874090999481,347.0374120999477,347.0374120999477,347.2709805999766,347.2709805999766,347.2709805999766,347.2709805999766,347.2709805999766,347.2709805999766,347.2709805999766,left,1,1.5839337999932468,619307384,Kily,2025-09-20_21h33.09.789,css-task,2022.2.1,59.79341375558139,
,,,,,,,,,,,,,,,,,,,,0,0,0,0,14,0,14,0,,,,619307384,,,,,,,,,,,,,,heterogeneous,color-shape,1,shape,triangle,blue,switch,right,0,1,,,,,,,348.8704639999778,349.2206417999696,349.2206417999696,349.47065539995674,349.47065539995674,349.47065539995674,349.47065539995674,349.47065539995674,349.47065539995674,349.47065539995674,right,1,2.5336452000192367,619307384,Kily,2025-09-20_21h33.09.789,css-task,2022.2.1,59.79341375558139,
,,,,,,,,,,,,,,,,,,,,0,0,0,0,15,0,15,0,,,,619307384,,,,,,,,,,,,,,heterogeneous,color-shape,1,color,circle,blue,switch,left,1,0,,,,,,,352.0211329999729,352.37007779994747,352.37007779994747,352.6041442999849,352.6041442999849,352.6041442999849,352.6041442999849,352.6041442999849,352.6041442999849,352.6041442999849,right,0,1.8667923000175506,619307384,Kily,2025-09-20_21h33.09.789,css-task,2022.2.1,59.79341375558139,
,,,,,,,,,,,,,,,,,,,,0,0,0,0,16,0,16,0,,,,619307384,,,,,,,,,,,,,,heterogeneous,color-shape,1,color,triangle,blue,no-switch,left,0,1,,,,,,,354.4873045999557,354.8374574999907,354.8374574999907,355.0701660999912,355.0701660999912,355.0701660999912,355.0701660999912,355.0701660999912,355.0701660999912,355.0701660999912,left,1,0.35079810000024736,619307384,Kily,2025-09-20_21h33.09.789,css-task,2022.2.1,59.79341375558139,
,,,,,,,,,,,,,,,,,,,,0,0,0,0,17,0,17,0,,,,619307384,,,,,,,,,,,,,,heterogeneous,color-shape,1,shape,triangle,blue,switch,right,0,1,,,,,,,355.436971099989,355.7879775999463,355.7879775999463,356.0369473999599,356.0369473999599,356.0369473999599,356.0369473999599,356.0369473999599,356.0369473999599,356.0369473999599,right,1,0.03395359998103231,619307384,Kily,2025-09-20_21h33.09.789,css-task,2022.2.1,59.79341375558139,
,,,,,,,,,,,,,,,,,,,,0,0,0,0,18,0,18,0,,,,619307384,,,,,,,,,,,,,,heterogeneous,color-shape,1,shape,circle,green,no-switch,left,1,0,,,,,,,356.08828549995087,356.43694899999537,356.4544030999532,356.67040349997114,356.67040349997114,356.67040349997114,356.67040349997114,356.67040349997114,356.67040349997114,356.67040349997114,left,1,0.13397680001799017,619307384,Kily,2025-09-20_21h33.09.789,css-task,2022.2.1,59.79341375558139,
,,,,,,,,,,,,,,,,,,,,0,0,0,0,19,0,19,0,,,,619307384,,,,,,,,,,,,,,heterogeneous,color-shape,1,color,triangle,green,switch,right,0,1,,,,,,,356.82085929997265,357.170035499963,357.170035499963,357.40347889997065,357.40347889997065,357.40347889997065,357.40347889997065,357.40347889997065,357.40347889997065,357.40347889997065,right,1,0.2339648000197485,619307384,Kily,2025-09-20_21h33.09.789,css-task,2022.2.1,59.79341375558139,
,,,,,,,,,,,,,,,,,,,,0,0,0,0,,,,,,,,,,,,,,,,,,,,,,,,,,,,,,,,,,,,,,,,,,,,,,,,,,,619307384,Kily,2025-09-20_21h33.09.789,css-task,2022.2.1,59.79341375558139,
,,,,,,,,,,,,,,,,,,,,,,,,,,,,,,,619307384,,,,,,,,,,,,,,,,,,,,,,,,,,,357.6545456999447,357.6545456999447,0.004437600029632449,364.00308469997253,364.3547902999562,364.3547902999562,364.600396099966,364.600396099966,364.600396099966,364.600396099966,364.600396099966,364.600396099966,364.600396099966,,,,,,,,,,
